"pval","Variance_hat","Variance_hat_comp1","Variance_hat_comp2","sdVariance_hat","Median_Variance","Median_Variance_comp1","Median_Variance_comp2","Q1_Variance","Q3_Variance","Method","delta","sigma"
0.00359887582394741,0.00183120963860203,0.00190307065209065,0.00175934862511341,0.00162307861940854,0.00130931523153659,0.0012984010011412,0.00138525369117421,0.00118014873101639,0.00168371240726025,"Individual hi",0.05,0.1
0.0143390744061006,0.00678108955680488,0.00673278843668082,0.00682939067692894,0.00123059173919456,0.00648214256041938,0.00646173784182004,0.00653055144806847,0.00609694918443526,0.00691745974844186,"Change Point",0.05,0.1
0.177681802771891,0.00370903472511016,0.00374025547894201,0.00367781397127831,0.00214690337302539,0.00305341891494491,0.00299993699962335,0.00318695665430819,0.00257061500192236,0.00364959595741668,"Individual hi",0.125,0.1
0.042869087909324,0.00926524162390782,0.00917823308620307,0.00935225016161258,0.00203468939404857,0.00864576698185382,0.00856224054872021,0.0089928815258485,0.00765831066588354,0.0106254251640042,"Change Point",0.125,0.1
0.269692623057011,0.00412801894125224,0.00420739519837908,0.00404864268412539,0.00246409709626321,0.00405496648674284,0.00388754803527896,0.00412756194657289,0.00249688878969428,0.00431537621398665,"Individual hi",0.2,0.1
0.432559120864646,0.0137593774936318,0.0135340719576672,0.0139846830295964,0.00325361694432864,0.0140120628582227,0.0136978900425477,0.014149822660051,0.0105900069444448,0.0158341813650211,"Change Point",0.2,0.1
0.516148305733398,0.00609623748879376,0.00613333331518539,0.00605914166240212,0.00227060924742249,0.00559440132730757,0.0055725900568517,0.00562798496371834,0.00520460752472574,0.00628403296843776,"Individual hi",0.275,0.1
0.252587314397096,0.0200105870677339,0.0199308489073991,0.0200903252280687,0.00303152664963819,0.0203070575918856,0.019110374947098,0.0207425412586095,0.0182604465575143,0.0215614176770738,"Change Point",0.275,0.1
0.388653535995921,0.00538726317909773,0.00535009585797663,0.00542443050021882,0.00209767177373018,0.00448816473902126,0.00446772293399895,0.0049301794240039,0.004262392811695,0.00563390316489813,"Individual hi",0.35,0.1
0.0499037180245912,0.0280894755588996,0.0282740614680908,0.0279048896497084,0.00250714443044975,0.0276828601647962,0.0274499713876988,0.0280096448736906,0.0264830705125893,0.0289493774073593,"Change Point",0.35,0.1
0.368253790641424,0.00525185638275619,0.00519553451315091,0.00530817825236148,0.00210835705526458,0.00434811937802937,0.00431453297094865,0.00473228393900726,0.00407550345418372,0.00550025143709667,"Individual hi",0.36,0.1
0.00458176702059681,0.0291023591370777,0.0294221124336261,0.0287826058405293,0.00268754529880579,0.0288343645791785,0.0288343645791785,0.0288112518183972,0.0273345866375397,0.0302753182157501,"Change Point",0.36,0.1
0.322785898029977,0.0049489195738088,0.00484843287721573,0.00504940627040187,0.00219276589579511,0.00408942633774116,0.00403748453780845,0.00436938425493331,0.00368971645985316,0.00505377369651609,"Individual hi",0.386666666666667,0.1
0.0269385451145383,0.0317571341077975,0.032505247120814,0.0310090210947811,0.00348744766101783,0.0319128360134992,0.0323897601627024,0.0314318415454582,0.0293176175724384,0.0333121717885487,"Change Point",0.386666666666667,0.1
0.290726540901974,0.00473852410491064,0.00460920900564618,0.00486783920417511,0.00236776481958284,0.00393995606876882,0.00380896968360016,0.004182570154998,0.00349758394020176,0.00453017273591689,"Individual hi",0.413333333333333,0.1
0.108987239815906,0.0340556618458565,0.0352288249576234,0.0328824987340897,0.00467445192568083,0.0342498484746402,0.03472760096287,0.0340712452178245,0.0319455359375704,0.0364492125619848,"Change Point",0.413333333333333,0.1
0.272359147512827,0.00461585523349208,0.0044715870713489,0.00476012339563526,0.00259751137869747,0.00383894243931778,0.00371474470712561,0.004107252208704,0.00337665138891605,0.00426938558001245,"Individual hi",0.44,0.1
0.269091582035934,0.0351475324807411,0.0370233803556619,0.0332716846058203,0.00696168815601098,0.0365218541850088,0.0372592778595277,0.0328510580129082,0.0303029602708979,0.0387536092354421,"Change Point",0.44,0.1
0.266038215297145,0.00455859204548217,0.0044099809883024,0.00470720310266194,0.00280631593936754,0.00380238748040099,0.00367704396411832,0.00410141880016633,0.00336251767897998,0.00418219766463111,"Individual hi",0.466666666666667,0.1
0.0310108235678405,0.0361004804013354,0.0378285250285465,0.0343724357741242,0.00883314768048066,0.038098622710845,0.0387054952760763,0.035787482092221,0.0288133433074603,0.0417559400915635,"Change Point",0.466666666666667,0.1
0.269099651654777,0.00454459316310557,0.00439880415370405,0.0046903821725071,0.00292320326109419,0.00385367919706265,0.00372703439374977,0.00410356287512848,0.00339241139212055,0.00421478692072559,"Individual hi",0.493333333333333,0.1
0.0520047478863428,0.0359763724872832,0.037875256791116,0.0340774881834503,0.0114471996279153,0.0373166595345153,0.040450937967751,0.0316800338091952,0.0246505485401736,0.0447613825136765,"Change Point",0.493333333333333,0.1
0.278445391354396,0.00455615889988645,0.00441669508794219,0.00469562271183072,0.00290835928549977,0.00394138049096577,0.00381019170438319,0.00415507303729289,0.00345530068900235,0.00422439446709989,"Individual hi",0.52,0.1
0.0510297474930983,0.0359886791762888,0.0383197257253585,0.0336576326272191,0.0134166732180006,0.0362596053279681,0.0409022626967682,0.0308076150099865,0.0231074805997311,0.0456747010314018,"Change Point",0.52,0.1
0.29108346255973,0.00458101626768899,0.00444883336191202,0.00471319917346596,0.00276286939058312,0.00403077580197257,0.00391532195534612,0.00422343685106383,0.00355318741122989,0.00429077319111888,"Individual hi",0.546666666666667,0.1
0.271516118559621,0.035559820872199,0.0390593900506186,0.0320602516937795,0.0153721865815623,0.0338701790524735,0.0439224476857721,0.0295626512671412,0.0205754181987507,0.0475936105221704,"Change Point",0.546666666666667,0.1
0.305358618058829,0.00461678660507448,0.00449130811052333,0.00474226509962563,0.00252633792177206,0.00412038893835116,0.00403579868677344,0.00428475534208239,0.00367843950400585,0.00439598972799685,"Individual hi",0.573333333333333,0.1
0.0886975966585342,0.034288878667392,0.0377553948460046,0.0308223624887793,0.017420300594078,0.0323702655399517,0.0396282039607873,0.0200091403889592,0.0175853978990654,0.0489924535209769,"Change Point",0.573333333333333,0.1
0.319994280807487,0.00466172299882631,0.00454176269386556,0.00478168330378705,0.00225587951228781,0.00422909373490435,0.00416490830989274,0.00438073734471456,0.00379495166485546,0.00449616671280287,"Individual hi",0.6,0.1
0.0127917093900545,0.0327982257270921,0.0353204624465597,0.0302759890076244,0.0187230953824536,0.0289452125745498,0.0343479608091336,0.0182134447730109,0.0156989920241858,0.0458822668225051,"Change Point",0.6,0.1
0.334701938107054,0.00471731076228308,0.00460131346536308,0.00483330805920307,0.00200185151973606,0.00433765696221358,0.00429632955199714,0.00449192920112107,0.00393615856637133,0.00461877630284761,"Individual hi",0.626666666666667,0.1
0.00886297332214015,0.0297144540677541,0.0304561148082154,0.0289727933272927,0.0196970272882495,0.0200615678447398,0.0257060723530909,0.0166107362167261,0.0140230358063639,0.0434251710412323,"Change Point",0.626666666666667,0.1
0.349364362949133,0.00478402527491792,0.00467008970976304,0.0048979608400728,0.00179524342755257,0.00444144039490887,0.00441538418037119,0.0046169799584283,0.00408439648529703,0.004732872903236,"Individual hi",0.653333333333333,0.1
0.000150582848333029,0.0279165740510085,0.0279329879533749,0.0279001601486421,0.0194206658019398,0.0184339400120847,0.0235339239651131,0.0152589192223833,0.0129963361755081,0.0405578330914005,"Change Point",0.653333333333333,0.1
0.364013735731216,0.00486059859110159,0.00474698159498512,0.00497421558721806,0.00164411510097654,0.00455976284383559,0.0045083284458374,0.00474123304024582,0.00422884084796118,0.00484648490940635,"Individual hi",0.68,0.1
0.874265739800271,0.0262500508368779,0.0255433033669347,0.0269567983068212,0.0195585702617475,0.0169173082135007,0.0213879987673619,0.0137203976017254,0.0121603705232239,0.037970321495163,"Change Point",0.68,0.1
0.378729389092815,0.00494589835813476,0.0048308200411654,0.00506097667510412,0.00154147399275686,0.00469077552734199,0.00459788315092065,0.00486634889499672,0.00437736283477278,0.00496742476927714,"Individual hi",0.706666666666667,0.1
0.683370767465309,0.0248080085070352,0.0239374919320831,0.0256785250819873,0.0192426629682215,0.0155476445674308,0.0193507774817559,0.0126337518882723,0.0114691860695315,0.0351065464538263,"Change Point",0.706666666666667,0.1
0.393495989218217,0.00503758245906377,0.00491950129185402,0.00515566362627351,0.0014741083677528,0.00481753861116272,0.00468619781107419,0.00499011454479575,0.00452428643045303,0.00507875620319309,"Individual hi",0.733333333333333,0.1
0.270699410167927,0.0238912047711101,0.023452377693873,0.0243300318483472,0.0198238835263784,0.0143443098038569,0.0167734020020004,0.0112192919907929,0.0105536085620798,0.0321037497930106,"Change Point",0.733333333333333,0.1
0.40817719283908,0.005132989199157,0.00501066454181,0.005255313856504,0.00142974438935788,0.00494156848863341,0.00477253200784811,0.00511075962097345,0.00466749392247494,0.00518746752684483,"Individual hi",0.76,0.1
0.0353334399559144,0.0224527102143378,0.022025325060539,0.0228800953681365,0.0193481131373635,0.0125401309904432,0.0136863930954861,0.0108200080430378,0.0101278344452112,0.0290890117250259,"Change Point",0.76,0.1
0.423017012404501,0.00523249463022373,0.00510479434798772,0.00536019491245974,0.00139901096740422,0.0050722929584773,0.00485827102366626,0.00523002035897481,0.00480985572477552,0.00529543617580612,"Individual hi",0.786666666666667,0.1
0.616596599361834,0.0210556942347941,0.0201734498129469,0.0219379386566414,0.019313516784754,0.0110651968399022,0.0114331495476721,0.0105102936282427,0.00970320839989965,0.0265329145325113,"Change Point",0.786666666666667,0.1
0.437644751233118,0.00533252785654124,0.00519880939661179,0.00546624631647069,0.00137618641284418,0.00518485475167971,0.00494175594865267,0.00534831443706928,0.00494260318559013,0.00540102054746029,"Individual hi",0.813333333333333,0.1
0.274264966806347,0.0197710851155787,0.0187827937260061,0.0207593765051513,0.0185342611523834,0.0105578635827066,0.010981287490924,0.010274429493928,0.00941157986340588,0.0239331932785802,"Change Point",0.813333333333333,0.1
0.452205555309254,0.00543347928815487,0.00529306358986078,0.00557389498644896,0.00135797972446482,0.00530340959651842,0.00499362202126891,0.00545982618064949,0.00500233772891461,0.00550725115194301,"Individual hi",0.84,0.1
0.013968045918928,0.0182394449243034,0.0168474813228522,0.0196314085257547,0.0173182937036683,0.0102498056036527,0.0105336686202414,0.0100979301152006,0.00928196817998464,0.021397087630838,"Change Point",0.84,0.1
0.466606511454411,0.00553431720435471,0.0053868868078847,0.00568174760082471,0.00134235047691914,0.00541995156676558,0.00507445969020428,0.0055683882445433,0.00508334344589931,0.0056163222643618,"Individual hi",0.866666666666667,0.1
0.857371331100475,0.0167433208830271,0.015102060733257,0.0183845810327972,0.0161036979650002,0.0100466755660162,0.0102088162115004,0.00996806426271996,0.00915898331566875,0.0186325903042782,"Change Point",0.866666666666667,0.1
0.480795314368261,0.00563442728934887,0.00547969098368775,0.00578916359501,0.00132846127127556,0.00553468275255173,0.00515432790262762,0.00567595674119009,0.00516340040672702,0.00572842370393983,"Individual hi",0.893333333333333,0.1
0.609581012283574,0.0156984198459603,0.0142190182542848,0.0171778214376358,0.0151496961711973,0.00990464930922051,0.00990846896650613,0.00987405896836083,0.00911563555942608,0.0159243855048011,"Change Point",0.893333333333333,0.1
0.494732042326618,0.00573329947781213,0.00557114060885108,0.00589545834677318,0.0013156925238815,0.0056472217856,0.00523310538911881,0.00578075894890343,0.00524236415557699,0.00582969115753903,"Individual hi",0.92,0.1
0.550941478452613,0.0147372268032539,0.0132038276442478,0.0162706259622601,0.01412134001216,0.00980962150205311,0.0098346488379981,0.00980708474971742,0.00906263175416715,0.0141513845797347,"Change Point",0.92,0.1
0.508485961378794,0.00583133379078369,0.00566168140236295,0.00600098617920444,0.00130377225065484,0.00575865580907687,0.00531145402398651,0.00588368245080795,0.00532089898421669,0.00592922244089672,"Individual hi",0.946666666666667,0.1
0.76776471231497,0.013855965571046,0.0123817330110692,0.0153301981310227,0.0131082668546561,0.00974419318527583,0.00981418498387383,0.00973080206155269,0.00898712302934964,0.0124271104199296,"Change Point",0.946666666666667,0.1
0.521992227767041,0.00592785828666729,0.00575075163350542,0.00610496493982916,0.00129249148595156,0.00586810828274829,0.00538912880010317,0.00598506844810378,0.00539880440525502,0.00602704885439827,"Individual hi",0.973333333333333,0.1
0.090784069133846,0.013145456073457,0.0117307062416084,0.0145602059053056,0.0120789741011936,0.00962250476982157,0.00960645695301241,0.00962250476982157,0.00893502194428593,0.011726429082991,"Change Point",0.973333333333333,0.1
0.535258651349703,0.0060230818636401,0.00583856367010979,0.0062076000571704,0.00128165003503168,0.00598034142445399,0.00546633213736842,0.00608618356327007,0.00547626914028697,0.00612060661755169,"Individual hi",1,0.1
0.281539756732188,0.0124985810037574,0.0111435791071755,0.0138535829003393,0.0110565538828982,0.00941814320081421,0.00942012998058511,0.00939788392578975,0.00889431828346219,0.0106296837795057,"Change Point",1,0.1
0.583003002266428,0.00636755129972289,0.00615660051008507,0.00657850208936072,0.00124437665513937,0.00639611964429821,0.00575279275541734,0.00643769433378237,0.00576344474763469,0.00647279396142918,"Individual hi",1.1,0.1
0.892630050819356,0.0108220966322823,0.00977289800068118,0.0118712952638834,0.00741870549444307,0.0089826828788353,0.00846128595577082,0.00933383566870478,0.00847457359108994,0.00992031551193202,"Change Point",1.1,0.1
0.860500709861525,0.00770573431410458,0.00742505862473922,0.00798641000346994,0.00109208522019096,0.0078376503462021,0.00702623961070093,0.00788398382336379,0.00703951290718768,0.00802684374957402,"Individual hi",1.56842105263158,0.1
0.0743949162356358,0.00891384529346893,0.00856245499079249,0.00926523559614537,0.000995177707455559,0.00888358331136493,0.00809682617661462,0.00924069531803949,0.00810969846403761,0.00937174215808695,"Change Point",1.56842105263158,0.1
0.736756998320055,0.00864189206111445,0.00837990488585122,0.00890387923637768,0.000927113998752806,0.00876840279137333,0.00809240082864046,0.00884549560472895,0.00810560862896455,0.00899225345826296,"Individual hi",2.03684210526316,0.1
0.538945124542746,0.00876984002461292,0.00844303734006974,0.00909664270915611,0.00103783138024128,0.00870888268844634,0.0080389990052518,0.00901970330575856,0.00805529957223454,0.0093383971058955,"Change Point",2.03684210526316,0.1
0.66120208930046,0.00928094361157814,0.00907645694838826,0.00948543027476801,0.00076169819071856,0.00938677448618256,0.00888603996203641,0.00945600916700762,0.008897639855927,0.00960046741072299,"Individual hi",2.50526315789474,0.1
0.515225231337833,0.00876978819169578,0.00844296385620348,0.00909661252718808,0.00103773513979688,0.00870888268844634,0.00803899900511906,0.00901970330575842,0.00805529957205469,0.00933839710589551,"Change Point",2.50526315789474,0.1
0.613861286247661,0.00971924859876862,0.00957642601311466,0.00986207118442258,0.000618367707309749,0.00978689454482677,0.00945013002453762,0.00984674934956386,0.00945989224771197,0.00998679737330411,"Individual hi",2.97368421052632,0.1
0.880932349068373,0.00876978813004915,0.00844296374042403,0.00909661251967426,0.00103773497218066,0.00870888268844635,0.00803899900511906,0.00901970330575842,0.00805529957205469,0.00933839710589551,"Change Point",2.97368421052632,0.1
0.582919931986499,0.0100257273068157,0.00993663778294167,0.0101148168306898,0.000503223550265598,0.0100712503434541,0.00985047017723591,0.010106317767465,0.00985851959850996,0.0102356310717871,"Individual hi",3.44210526315789,0.1
0.25692906032176,0.00876978813001639,0.00844296374035875,0.00909661251967402,0.00103773497208512,0.00870888268844634,0.00803899900511906,0.00901970330575842,0.00805529957205469,0.00933839710589551,"Change Point",3.44210526315789,0.1
0.56179613784784,0.010245605618377,0.0102003986588548,0.0102908125778992,0.000413579597941479,0.0102577947142799,0.0101393741601023,0.0102859178226856,0.0101236348882351,0.0103973043932759,"Individual hi",3.91052631578947,0.1
0.451011814431011,0.00876978813001638,0.00844296374035874,0.00909661251967402,0.0010377349720851,0.00870888268844634,0.00803899900511906,0.00901970330575842,0.00805529957205469,0.00933839710589551,"Change Point",3.91052631578947,0.1
0.54682463219716,0.0104072258165176,0.0103970764170228,0.0104173752160125,0.000344903966596821,0.0103967599332504,0.0103524082072233,0.0104144565543651,0.0102747281498801,0.0105125689520299,"Individual hi",4.37894736842105,0.1
0.235411219677722,0.0087693903243391,0.00844296374035874,0.00909581690831946,0.00103717449620988,0.00870888268844637,0.00803899900511906,0.00901970330575844,0.00805529957205469,0.00933839710589552,"Change Point",4.37894736842105,0.1
0.535851169219109,0.0105289380578495,0.01054671609093,0.010511160024769,0.000292689042933081,0.0105093912049124,0.0105129793017757,0.0105093912049124,0.0103965394243031,0.0106009093276593,"Individual hi",4.84736842105263,0.1
0.0054706935785215,0.00871238382866211,0.00844296374035874,0.00898180391696547,0.00105022051673935,0.0086300719970534,0.00803899900511906,0.00897262912231064,0.00799075017760621,0.00931652176590709,"Change Point",4.84736842105263,0.1
0.527585131135801,0.0106225745984216,0.0106627557041636,0.0105823934926796,0.00025327665218256,0.0105873938157536,0.0106365205678243,0.0105812493573556,0.0105035056860016,0.0106860665232585,"Individual hi",5.31578947368421,0.1
0.872594415832414,0.0087115611698587,0.00844131842275193,0.00898180391696547,0.00104914196832483,0.0086300719970534,0.00803899900511906,0.00897262912231064,0.00799075017760621,0.00931652176590709,"Change Point",5.31578947368421,0.1
0.521213261147972,0.0106959320329485,0.0107541978356878,0.0106376662302092,0.000223822361016188,0.0106480213912921,0.0107333936490416,0.0106369242963433,0.0105717302478828,0.0107514952270793,"Individual hi",5.78421052631579,0.1
0.0233930678288322,0.00863863300513777,0.00829546209331008,0.00898180391696547,0.00113533732733814,0.0086300719970534,0.00793179864059624,0.00897262912231064,0.00794334301953957,0.00931652176590709,"Change Point",5.78421052631579,0.1
0.51619423065262,0.0107544066388305,0.0108274546162375,0.0106813586614235,0.00020203902556107,0.0106974281694281,0.0108105693979349,0.0106808797286989,0.0106370160701236,0.0108075745073502,"Individual hi",6.25263157894737,0.1
0.00872129154610148,0.00863863300513777,0.00829546209331008,0.00898180391696547,0.00113533732733814,0.0086300719970534,0.00793179864059624,0.00897262912231064,0.00794334301953957,0.00931652176590709,"Change Point",6.25263157894737,0.1
0.51217546766692,0.0108017331013297,0.0108869585023224,0.0107165077003371,0.000186156968777138,0.0107382469155127,0.0108729541396746,0.0107162009308638,0.0106851379529969,0.0108703507678921,"Individual hi",6.72105263157895,0.1
0.216069908112071,0.00863863300513778,0.00829546209331008,0.00898180391696548,0.00113533732733814,0.0086300719970534,0.00793179864059624,0.00897262912231064,0.00794334301953957,0.0093165217659071,"Change Point",6.72105263157895,0.1
0.508908331271687,0.0108405125442705,0.0109358594006647,0.0107451656878764,0.00017479788593606,0.0107747906841464,0.0109241356971841,0.0107449590499711,0.0107295771912824,0.0109218206388872,"Individual hi",7.18947368421053,0.1
0.0351252364064286,0.00863863300513777,0.00829546209331008,0.00898180391696547,0.00113533732733814,0.0086300719970534,0.00793179864059624,0.00897262912231064,0.00794334301953957,0.00931652176590709,"Change Point",7.18947368421053,0.1
0.506217768723574,0.0108726709517354,0.0109765238040231,0.0107688180994477,0.000166826870223012,0.0108012973394004,0.0109665481899449,0.0107686965890428,0.0107625032365887,0.0109645019999481,"Individual hi",7.65789473684211,0.1
0.860349448738774,0.00863863300513777,0.00829546209331008,0.00898180391696547,0.00113533732733814,0.0086300719970534,0.00793179864059624,0.00897262912231064,0.00794334301953957,0.00931652176590709,"Change Point",7.65789473684211,0.1
0.50397609850373,0.0108996239868812,0.0110106629070153,0.010788585066747,0.000161355812157015,0.0108244884477334,0.0110020270387853,0.0107885007768104,0.0107830035185219,0.0110001854054132,"Individual hi",8.12631578947368,0.1
0.975148798751327,0.00863863300513778,0.00829546209331008,0.00898180391696549,0.00113533732733814,0.00863007199705342,0.00793179864059624,0.00897262912231066,0.00794334301953957,0.00931652176590713,"Change Point",8.12631578947368,0.1
0.502087681866283,0.0109224367303128,0.0110396080510983,0.0108052654095273,0.000157725363615904,0.0108563200659881,0.0110321446748051,0.0108052142649168,0.0108026205718486,0.0110304934524644,"Individual hi",8.59473684210526,0.1
0.220011078660883,0.00863863300513778,0.00829546209331008,0.00898180391696548,0.00113533732733814,0.00863007199705341,0.00793179864059624,0.00897262912231065,0.00794334301953956,0.00931652176590712,"Change Point",8.59473684210526,0.1
0.500479467361424,0.0109419165328087,0.0110643737871309,0.0108194592784865,0.0001554262328981,0.0108722597282862,0.0110578188215792,0.0108194402725023,0.0108203060103051,0.0110563315088548,"Individual hi",9.06315789473684,0.1
0.201328515982852,0.00863863300513778,0.00829546209331008,0.00898180391696548,0.00113533732733814,0.00863007199705341,0.00793179864059624,0.00897262912231065,0.00794334301953956,0.00931652176590712,"Change Point",9.06315789473684,0.1
0.499104889242597,0.0109586695094895,0.0110856847076797,0.0108316543112993,0.000154072452509579,0.0108796370363588,0.011079860151146,0.010831656802957,0.010832437927686,0.0110785131928998,"Individual hi",9.53157894736842,0.1
0.983757219321364,0.00863863300513778,0.00829546209331008,0.00898180391696548,0.00113533732733814,0.00863007199705342,0.00793179864059624,0.00897262912231065,0.00794334301953957,0.00931652176590712,"Change Point",9.53157894736842,0.1
0.497914797924011,0.0109731816658898,0.0111041781066264,0.0108421852251532,0.000153395523994055,0.0108970194158416,0.0110989811166184,0.0108421985524514,0.0108429071783832,0.0110977436691038,"Individual hi",10,0.1
0.562466038859363,0.00863863300513778,0.00829546209331008,0.00898180391696548,0.00113533732733814,0.00863007199705341,0.00793179864059624,0.00897262912231065,0.00794334301953956,0.00931652176590712,"Change Point",10,0.1
0.00359887582394738,0.0457802409650506,0.0475767663022661,0.0439837156278351,0.0405769654852134,0.0327328807884147,0.0324600250285301,0.0346313422793552,0.0295037182754096,0.0420928101815062,"Individual hi",0.25,0.5
0.949802343396606,0.169669945930774,0.168406514121792,0.170933377739757,0.0306407232704514,0.161903973037234,0.161589001219272,0.16269474498258,0.152576888853292,0.17258275020463,"Change Point",0.25,0.5
0.177681802771891,0.092725868127754,0.0935063869735502,0.0919453492819577,0.0536725843256347,0.0763354728736227,0.0749984249905837,0.0796739163577047,0.0642653750480588,0.091239898935417,"Individual hi",0.625,0.5
0.122100050517192,0.232568554137319,0.230928422439387,0.23420868583525,0.0498697810661274,0.219203809355246,0.215585987894653,0.224822038146213,0.19165065888244,0.265226106976804,"Change Point",0.625,0.5
0.269692623057011,0.103200473531306,0.105184879959477,0.101216067103135,0.0616024274065803,0.101374162168571,0.0971887008819739,0.103189048664322,0.0624222197423569,0.107884405349666,"Individual hi",1,0.5
0.574157629884838,0.343903783490292,0.33860366178042,0.349203905200165,0.0818803944226111,0.351193946780649,0.342447251063693,0.354070956586542,0.259254931365586,0.397616706557464,"Change Point",1,0.5
0.516148305733398,0.152405937219844,0.153333332879635,0.151478541560053,0.0567652311855621,0.139860033182689,0.139314751421293,0.140699624092959,0.130115188118144,0.157100824210944,"Individual hi",1.375,0.5
0.846522606885849,0.501701286861096,0.497871444333836,0.505531129388357,0.076463052912089,0.510489541025193,0.47775937367745,0.516110405570323,0.455694057420284,0.543886843202613,"Change Point",1.375,0.5
0.388653535995921,0.134681579477443,0.133752396449416,0.13561076250547,0.0524417943432544,0.112204118475532,0.111693073349974,0.123254485600097,0.106559820292375,0.140847579122453,"Individual hi",1.75,0.5
0.0851867660317718,0.701722012923053,0.706081923708189,0.697362102137917,0.0635451343910961,0.692071504119905,0.689449662713916,0.700494947929572,0.662954992403704,0.723818630184055,"Change Point",1.75,0.5
0.368253790641423,0.131296409568905,0.129888362828773,0.132704456309037,0.0527089263816145,0.108702984450734,0.107863324273716,0.118307098475181,0.101887586354593,0.137506285927417,"Individual hi",1.8,0.5
0.138871470133327,0.729641346187601,0.736774446944474,0.722508245430728,0.0659300853176305,0.722194759633884,0.722194759633884,0.722227195140257,0.687023800727655,0.756882955393753,"Change Point",1.8,0.5
0.322785898029976,0.12372298934522,0.121210821930393,0.126235156760047,0.0548191473948777,0.102235658443529,0.100937113445211,0.109234606373333,0.0922429114963289,0.126344342412902,"Individual hi",1.93333333333333,0.5
0.260031684739022,0.795751327009764,0.816510108604208,0.77499254541532,0.0865019028522723,0.800293108389785,0.809744004067559,0.782521193018724,0.741641078025082,0.83621416881141,"Change Point",1.93333333333333,0.5
0.290726540901974,0.118463102622766,0.115230225141154,0.121695980104378,0.059194120489571,0.0984989017192204,0.0952242420900039,0.10456425387495,0.0874395985050439,0.113254318397922,"Individual hi",2.06666666666667,0.5
0.0723068776753011,0.85108467987275,0.880319019457551,0.821850340287949,0.116568756689735,0.856246211866006,0.860855994823901,0.851781130445612,0.79863839843926,0.914532745816996,"Change Point",2.06666666666667,0.5
0.272359147512827,0.115396380837302,0.111789676783722,0.119003084890881,0.0649377844674368,0.0959735609829444,0.0928686176781403,0.1026813052176,0.0844162847229013,0.106734639500311,"Individual hi",2.2,0.5
0.181542476902352,0.879868780614597,0.926103905199374,0.83363365602982,0.175313397789121,0.914688733485906,0.931220161907175,0.821276450322704,0.757574006772446,0.974476337908419,"Change Point",2.2,0.5
0.266038215297145,0.113964801137054,0.11024952470756,0.117680077566548,0.0701578984841886,0.0950596870100248,0.091926099102958,0.102535470004158,0.0840629419744995,0.104554941615778,"Individual hi",2.33333333333333,0.5
0.227242003854712,0.903411584530144,0.945403321452684,0.861419847607604,0.220540512621474,0.952465567771126,0.967637381901909,0.894687052305525,0.720333582686508,1.03810031305405,"Change Point",2.33333333333333,0.5
0.269099651654777,0.113614829077639,0.109970103842601,0.117259554312677,0.0730800815273548,0.0963419799265663,0.0931758598437443,0.102589071878212,0.0848102848030138,0.10536967301814,"Individual hi",2.46666666666667,0.5
0.000170585000439216,0.898404517392736,0.945360034515712,0.85144900026976,0.285252747238066,0.932916488362881,1.01127344919377,0.79200084522988,0.616263713504341,1.09307451511728,"Change Point",2.46666666666667,0.5
0.278445391354396,0.113903972497161,0.110417377198555,0.117390567795768,0.0727089821374942,0.0985345122741444,0.0952547926095798,0.103876825932322,0.0863825172250586,0.105609861677497,"Individual hi",2.6,0.5
0.00629175869422471,0.901208950426898,0.958833402438516,0.843584498415281,0.336969736473573,0.906490133199203,1.0225565674192,0.770190375249662,0.577687014993277,1.13923580231866,"Change Point",2.6,0.5
0.29108346255973,0.114525406692225,0.1112208340478,0.117829979336649,0.0690717347645781,0.100769395049314,0.0978830488836531,0.105585921276596,0.0888296852807473,0.107269329777972,"Individual hi",2.73333333333333,0.5
0.000699462199197647,0.888162213870497,0.974818135396508,0.801506292344487,0.383376722223903,0.846754476311836,1.0980611921443,0.739066281678531,0.514385454968767,1.18984026305426,"Change Point",2.73333333333333,0.5
0.305358618058829,0.115419665126862,0.112282702763083,0.118556627490641,0.0631584480443016,0.103009723458779,0.100894967169336,0.10711888355206,0.0919609876001462,0.109899743199921,"Individual hi",2.86666666666667,0.5
0.00736704140490349,0.858665311645645,0.9440455668102,0.773285056481091,0.438202026690713,0.809256638498791,0.990705099019683,0.500228509723979,0.439634947476635,1.22481133802442,"Change Point",2.86666666666667,0.5
0.319994280807487,0.116543074970658,0.113544067346639,0.119542082594676,0.0563969878071952,0.105727343372609,0.104122707747318,0.109518433617864,0.0948737916213865,0.112404167820072,"Individual hi",3,0.5
0.0227139861591366,0.819814278319853,0.882162408614495,0.757466148025212,0.467864887542828,0.723630314363745,0.85869902022834,0.455336119325274,0.392474800604645,1.14705667056263,"Change Point",3,0.5
0.334701938107054,0.117932769057077,0.115032836634077,0.120832701480077,0.0500462879934016,0.10844142405534,0.107408238799929,0.112298230028027,0.0984039641592832,0.11546940757119,"Individual hi",3.13333333333333,0.5
0.0426324669231399,0.743774432158095,0.762919984324607,0.724628879991584,0.495127968866346,0.501539196118495,0.642651808827272,0.415268405418153,0.350575895159098,1.08562927603081,"Change Point",3.13333333333333,0.5
0.349364362949133,0.119600631872948,0.116752242744076,0.12244902100182,0.0448810856888141,0.111036009872722,0.11038460450928,0.115424498960708,0.102109912132426,0.1183218225809,"Individual hi",3.26666666666667,0.5
0.098256515986895,0.693660996345429,0.689363141026682,0.697958851664175,0.480825965314535,0.460848500302118,0.588348099127826,0.381472980559583,0.324908404387703,1.01394582728501,"Change Point",3.26666666666667,0.5
0.364013735731216,0.12151496477754,0.118674539874628,0.124355389680451,0.0411028775244136,0.11399407109589,0.112708211145935,0.118530826006146,0.105721021199029,0.121162122735159,"Individual hi",3.4,0.5
0.20157792963993,0.65619950035597,0.638582584173367,0.673816416538572,0.488762105086258,0.422932705337519,0.534699969184049,0.343009940043135,0.304009263080597,0.949258037379073,"Change Point",3.4,0.5
0.378729389092815,0.123647458953369,0.120770501029135,0.126524416877603,0.0385368498189216,0.11726938818355,0.114947078773016,0.121658722374918,0.10943407086932,0.124185619231929,"Individual hi",3.53333333333333,0.5
0.123255616347849,0.61729227137747,0.598437298302078,0.636147244452862,0.476052576369707,0.388691114185769,0.483769437043899,0.315843797206807,0.286729651738287,0.877663661345657,"Change Point",3.53333333333333,0.5
0.393495989218217,0.125939561476594,0.12298753229635,0.128891590656838,0.03685270919382,0.120438465279068,0.117154945276855,0.124752863619894,0.113107160761326,0.126968905079827,"Individual hi",3.66666666666667,0.5
0.671565068464351,0.595108213261518,0.575771786647895,0.614444639875141,0.494523351162321,0.358607745096423,0.419335050050011,0.280482299769823,0.263840214051996,0.802593744825264,"Change Point",3.66666666666667,0.5
0.408177192839079,0.128324729978925,0.12526661354525,0.1313828464126,0.035743609733947,0.123539212215835,0.119313300196203,0.127768990524336,0.116687348061873,0.129686688171121,"Individual hi",3.8,0.5
0.0354126192659937,0.561317755358444,0.550633126513475,0.572002384203414,0.483702828434088,0.313503274761079,0.342159827387153,0.270500201075945,0.253195861130279,0.727225293125648,"Change Point",3.8,0.5
0.423017012404501,0.130812365755593,0.127619858699693,0.134004872811493,0.0349752741851056,0.126807323961933,0.121456775591656,0.13075050897437,0.120246393119388,0.132385904395153,"Individual hi",3.93333333333333,0.5
0.637250278950024,0.526392355869853,0.504336245323673,0.548448466416034,0.482837919618849,0.276629920997555,0.285828738691803,0.262757340706067,0.242580209997491,0.663322863312781,"Change Point",3.93333333333333,0.5
0.437644751233118,0.133313196413531,0.129970234915295,0.136656157911767,0.0344046603211044,0.129621368791993,0.123543898716317,0.133707860926732,0.123565079639753,0.135025513686507,"Individual hi",4.06666666666667,0.5
0.769359264505375,0.494277127889468,0.469569843150153,0.518984412628782,0.463356528809585,0.263946589567665,0.274532187273099,0.2568607373482,0.235289496585147,0.598329831964506,"Change Point",4.06666666666667,0.5
0.452205555309254,0.135836982203872,0.132326589746519,0.139347374661224,0.0339494931116206,0.132585239912961,0.124840550531723,0.136495654516237,0.125058443222865,0.137681278798575,"Individual hi",4.2,0.5
0.563928783819092,0.455986123107586,0.421187033071305,0.490785213143867,0.432957342591709,0.256245140091317,0.263341715506034,0.252448252880016,0.232049204499616,0.534927190770949,"Change Point",4.2,0.5
0.466606511454411,0.138357930108868,0.134672170197117,0.142043690020618,0.0335587619229784,0.135498789169139,0.126861492255107,0.139209706113582,0.127083586147483,0.140408056609045,"Individual hi",4.33333333333333,0.5
0.344950582956132,0.418583022075678,0.377551518331425,0.459614525819931,0.402592449125005,0.251166889150406,0.25522040528751,0.249201606567999,0.228974582891719,0.465814757606955,"Change Point",4.33333333333333,0.5
0.480795314368261,0.140860682233722,0.136992274592194,0.14472908987525,0.0332115317818891,0.138367068813793,0.128858197565691,0.141898918529752,0.129085010168175,0.143210592598496,"Individual hi",4.46666666666667,0.5
0.687907550601965,0.392460496149008,0.355475456357119,0.429445535940896,0.378742404279931,0.247616232730513,0.247711724162653,0.246851474209021,0.227890888985652,0.398109637620027,"Change Point",4.46666666666667,0.5
0.494732042326618,0.143332486945303,0.139278515221277,0.14738645866933,0.0328923130970376,0.14118054464,0.13082763472797,0.144518973722586,0.131059103889425,0.145742278938476,"Individual hi",4.6,0.5
0.125582718876399,0.368430670081349,0.330095691106195,0.406765649056502,0.353033500303999,0.245240537551328,0.245866220949952,0.245177118742935,0.226565793854179,0.353784614493367,"Change Point",4.6,0.5
0.508485961378794,0.145783344769592,0.141542035059074,0.150024654480111,0.032594306266371,0.143966395226922,0.132786350599663,0.147092061270199,0.133022474605417,0.148230561022418,"Individual hi",4.73333333333333,0.5
0.92824947664986,0.346399139276149,0.30954332527673,0.383254953275568,0.327706671366404,0.243604829631896,0.245354624596846,0.243270051538817,0.224678075733741,0.310677760498241,"Change Point",4.73333333333333,0.5
0.52199222776704,0.148196457166682,0.143768790837635,0.152624123495729,0.0323122871487891,0.146702707068707,0.134728220002579,0.149626711202595,0.134970110131375,0.150676221359957,"Individual hi",4.86666666666667,0.5
0.310824032964874,0.328636401836425,0.29326765604021,0.36400514763264,0.30197435252984,0.240562619245539,0.24016142382531,0.240562619245539,0.223375548607148,0.293160727074776,"Change Point",4.86666666666667,0.5
0.535258651349703,0.150577046591002,0.145964091752745,0.15519000142926,0.0320412508757919,0.14950853561135,0.13665830343421,0.152154589081752,0.136906728507174,0.153015165438792,"Individual hi",5,0.5
0.719791308772866,0.312464525093935,0.278589477679388,0.346339572508482,0.276413847072454,0.235453580020355,0.235503249514628,0.234947098144744,0.222357957086555,0.265742094487642,"Change Point",5,0.5
0.583003002266428,0.159188782493072,0.153915012752127,0.164462552234018,0.0311094163784843,0.159902991107455,0.143819818885433,0.160942358344559,0.144086118690867,0.161819849035729,"Individual hi",5.5,0.5
0.28387609168677,0.270552415807057,0.244322450017029,0.296782381597085,0.185467637361076,0.224567071970882,0.21153214889427,0.233345891717619,0.211864339777249,0.2480078877983,"Change Point",5.5,0.5
0.860500709861525,0.192643357852615,0.185626465618481,0.199660250086749,0.027302130504774,0.195941258655053,0.175655990267523,0.197099595584095,0.175987822679692,0.200671093739351,"Individual hi",7.84210526315789,0.5
0.810319995046441,0.222846132336723,0.214061374769812,0.231630889903634,0.024879442686389,0.222089582784123,0.202420654415366,0.231017382950987,0.20274246160094,0.234293553952174,"Change Point",7.84210526315789,0.5
0.736756998320055,0.216047301527861,0.20949762214628,0.222596980909442,0.0231778499688201,0.219210069784333,0.202310020716011,0.221137390118224,0.202640215724114,0.224806336456574,"Individual hi",10.1842105263158,0.5
0.621173478992696,0.219246000615323,0.211075933501743,0.227416067728903,0.025945784506032,0.217722067211159,0.200974975131295,0.225492582643964,0.201382489305864,0.233459927647388,"Change Point",10.1842105263158,0.5
0.66120208930046,0.232023590289453,0.226911423709707,0.2371357568692,0.019042454767964,0.234669362154564,0.22215099905091,0.236400229175191,0.222440996398175,0.240011685268075,"Individual hi",12.5263157894737,0.5
0.9465851678747,0.219244704792395,0.211074096405087,0.227415313179702,0.025943378494922,0.217722067211159,0.200974975127976,0.22549258264396,0.201382489301367,0.233459927647388,"Change Point",12.5263157894737,0.5
0.61386128624766,0.242981214969215,0.239410650327867,0.246551779610564,0.0154591926827437,0.244672363620669,0.23625325061344,0.246168733739096,0.236497306192799,0.249669934332603,"Individual hi",14.8684210526316,0.5
0.400513838133851,0.219244703251229,0.211074093510601,0.227415312991856,0.0259433743045165,0.217722067211159,0.200974975127976,0.22549258264396,0.201382489301367,0.233459927647388,"Change Point",14.8684210526316,0.5
0.582919931986499,0.250643182670394,0.248415944573542,0.252870420767246,0.01258058875664,0.251781258586352,0.246261754430898,0.252657944186625,0.246462989962749,0.255890776794677,"Individual hi",17.2105263157895,0.5
0.0754073756598601,0.21924470325041,0.211074093508969,0.227415312991851,0.0259433743021279,0.217722067211159,0.200974975127976,0.22549258264396,0.201382489301367,0.233459927647388,"Change Point",17.2105263157895,0.5
0.56179613784784,0.256140140459424,0.255009966471369,0.257270314447479,0.010339489948537,0.256444867856997,0.253484354002559,0.257147945567141,0.253090872205878,0.259932609831898,"Individual hi",19.5526315789474,0.5
0.199476333346247,0.21924470325041,0.211074093508968,0.227415312991851,0.0259433743021275,0.217722067211159,0.200974975127976,0.22549258264396,0.201382489301367,0.233459927647388,"Change Point",19.5526315789474,0.5
0.54682463219716,0.260180645412941,0.25992691042557,0.260434380400311,0.00862259916492053,0.25991899833126,0.258810205180583,0.260361413859128,0.256868203747003,0.262814223800746,"Individual hi",21.8947368421053,0.5
0.141401744978145,0.219234758108477,0.211074093508968,0.227395422707986,0.025929362405247,0.217722067211159,0.200974975127976,0.22549258264396,0.201382489301367,0.233459927647388,"Change Point",21.8947368421053,0.5
0.535851169219109,0.263223451446237,0.263667902273249,0.262779000619225,0.00731722607332705,0.262734780122811,0.262824482544393,0.262734780122811,0.259913485607577,0.265022733191483,"Individual hi",24.2368421052632,0.5
0.836701129151825,0.217809595716553,0.211074093508968,0.224545097924136,0.0262555129184837,0.215751799926335,0.200974975127976,0.224315728057766,0.199768754440155,0.232913044147677,"Change Point",24.2368421052632,0.5
0.527585131135801,0.265564364960539,0.266568892604089,0.26455983731699,0.00633191630456404,0.26468484539384,0.265913014195608,0.264531233933889,0.26258764215004,0.267151663081463,"Individual hi",26.5789473684211,0.5
0.684803829276407,0.217789029246467,0.211032960568798,0.224545097924136,0.0262285492081208,0.215751799926335,0.200974975127976,0.224315728057766,0.199768754440155,0.232913044147677,"Change Point",26.5789473684211,0.5
0.521213261147971,0.267398300823713,0.268854945892196,0.265941655755231,0.00559555902540474,0.266200534782303,0.26833484122604,0.265923107408582,0.264293256197068,0.268787380676981,"Individual hi",28.9210526315789,0.5
0.257957091849881,0.215965825128444,0.207386552332752,0.224545097924136,0.0283834331834535,0.215751799926335,0.198294966014906,0.224315728057766,0.198583575488489,0.232913044147677,"Change Point",28.9210526315789,0.5
0.51619423065262,0.268860165970763,0.270686365405938,0.267033966535588,0.00505097563902676,0.267435704235702,0.270264234948373,0.267021993217472,0.265925401753091,0.270189362683755,"Individual hi",31.2631578947368,0.5
0.994243665319272,0.215965825128444,0.207386552332752,0.224545097924137,0.0283834331834535,0.215751799926335,0.198294966014906,0.224315728057766,0.198583575488489,0.232913044147677,"Change Point",31.2631578947368,0.5
0.512175467666919,0.270043327533243,0.272173962558059,0.267912692508427,0.00465392421942845,0.268456172887818,0.271823853491864,0.267905023271595,0.267128448824923,0.271758769197304,"Individual hi",33.6052631578947,0.5
0.00200076437544217,0.215965825128444,0.207386552332752,0.224545097924137,0.0283834331834535,0.215751799926335,0.198294966014906,0.224315728057766,0.198583575488489,0.232913044147677,"Change Point",33.6052631578947,0.5
0.508908331271687,0.271012813606764,0.273396485016618,0.26862914219691,0.00436994714840146,0.26936976710366,0.273103392429603,0.268623976249278,0.26823942978206,0.27304551597218,"Individual hi",35.9473684210526,0.5
0.0285386615369376,0.215965825128444,0.207386552332752,0.224545097924137,0.0283834331834535,0.215751799926335,0.198294966014906,0.224315728057766,0.198583575488489,0.232913044147677,"Change Point",35.9473684210526,0.5
0.506217768723574,0.271816773793384,0.274413095100577,0.269220452486192,0.00417067175557531,0.270032433485009,0.274163704748623,0.269217414726069,0.269062580914717,0.274112549998703,"Individual hi",38.2894736842105,0.5
0.165173254852746,0.215965825128444,0.207386552332752,0.224545097924137,0.0283834331834535,0.215751799926335,0.198294966014906,0.224315728057766,0.198583575488489,0.232913044147677,"Change Point",38.2894736842105,0.5
0.50397609850373,0.272490599672029,0.275266572675383,0.269714626668675,0.00403389530392544,0.270612211193336,0.275050675969632,0.269712519420261,0.269575087963048,0.275004635135329,"Individual hi",40.6315789473684,0.5
0.878998865534533,0.215965825128444,0.207386552332752,0.224545097924137,0.0283834331834535,0.215751799926335,0.198294966014906,0.224315728057766,0.198583575488489,0.232913044147677,"Change Point",40.6315789473684,0.5
0.502087681866284,0.27306091825782,0.275990201277458,0.270131635238182,0.00394313409039751,0.271408001649702,0.275803616870127,0.270130356622921,0.270065514296216,0.275762336311611,"Individual hi",42.9736842105263,0.5
0.0428819760956042,0.215965825128444,0.207386552332752,0.224545097924137,0.0283834331834535,0.215751799926335,0.198294966014906,0.224315728057766,0.198583575488489,0.232913044147677,"Change Point",42.9736842105263,0.5
0.500479467361424,0.273547913320218,0.276609344678273,0.270486481962163,0.00388565582245245,0.271806493207154,0.276445470539479,0.270486006812557,0.270507650257627,0.276408287721371,"Individual hi",45.3157894736842,0.5
0.657122854968897,0.215965825128444,0.207386552332752,0.224545097924137,0.0283834331834535,0.215751799926335,0.198294966014906,0.224315728057766,0.198583575488489,0.232913044147677,"Change Point",45.3157894736842,0.5
0.499104889242597,0.273966737737238,0.277142117691991,0.270791357782484,0.00385181131273948,0.27199092590897,0.276996503778651,0.270791420073925,0.27081094819215,0.276962829822495,"Individual hi",47.6578947368421,0.5
0.931606602398751,0.215965825128444,0.207386552332752,0.224545097924137,0.0283834331834535,0.215751799926335,0.198294966014906,0.224315728057766,0.198583575488489,0.232913044147677,"Change Point",47.6578947368421,0.5
0.497914797924011,0.274329541647245,0.277604452665661,0.271054630628829,0.00383488809985127,0.272425485396039,0.277474527915461,0.271054963811285,0.27107267945958,0.277443591727594,"Individual hi",50,0.5
0.849629503625111,0.215965825128444,0.207386552332752,0.224545097924137,0.0283834331834535,0.215751799926335,0.198294966014906,0.224315728057766,0.198583575488489,0.232913044147677,"Change Point",50,0.5
0.0035988758239474,0.183120963860202,0.190307065209064,0.17593486251134,0.162307861940854,0.130931523153659,0.12984010011412,0.138525369117421,0.118014873101638,0.168371240726025,"Individual hi",0.5,1
0.0142275496971182,0.680587730979931,0.676244881468577,0.684930580491286,0.121681307569997,0.651395558395982,0.645948963358625,0.653055144806848,0.613949347115993,0.691745974844186,"Change Point",0.5,1
0.17768180277189,0.370903472511016,0.374025547894201,0.367781397127831,0.214690337302539,0.305341891494491,0.299993699962335,0.318695665430819,0.257061500192235,0.364959595741668,"Individual hi",1.25,1
0.525731979144446,0.928134312170539,0.921127571038574,0.935141053302504,0.202661624290128,0.876815237420985,0.862343951578614,0.89928815258485,0.76660263552976,1.06341687852815,"Change Point",1.25,1
0.269692623057011,0.412801894125224,0.420739519837908,0.404864268412539,0.246409709626321,0.405496648674284,0.388754803527896,0.412756194657288,0.249688878969428,0.431537621398664,"Individual hi",2,1
0.43938476941798,1.37425289240137,1.35607804960379,1.39242773519896,0.329278365323865,1.40120628582227,1.36978900425477,1.42239083905409,1.05900069444448,1.59590218610442,"Change Point",2,1
0.516148305733398,0.609623748879376,0.613333331518539,0.605914166240213,0.227060924742248,0.559440132730757,0.557259005685171,0.562798496371835,0.520460752472574,0.628403296843776,"Individual hi",2.75,1
0.252412980145966,2.00259307550298,1.99261022386898,2.01257592713699,0.301594558085457,2.03423869972102,1.9110374947098,2.07425412586095,1.82604465575143,2.14943539867752,"Change Point",2.75,1
0.38865353599592,0.538726317909772,0.535009585797662,0.542443050021882,0.209767177373017,0.448816473902126,0.446772293399895,0.493017942400389,0.426239281169499,0.563390316489812,"Individual hi",3.5,1
0.050250008390765,2.81015827529703,2.82907451436365,2.79124203623041,0.252118460154342,2.77273838919315,2.75779865085566,2.80096448736906,2.64830705125893,2.89493774073593,"Change Point",3.5,1
0.368253790641423,0.525185638275619,0.519553451315091,0.530817825236147,0.210835705526458,0.434811937802937,0.431453297094864,0.473228393900725,0.407550345418371,0.550025143709666,"Individual hi",3.6,1
0.00459708703034012,2.91207332346529,2.9441944747503,2.87995217218028,0.267582144627243,2.88603829058868,2.88643739539726,2.88112518183972,2.73345866375397,3.02753182157501,"Change Point",3.6,1
0.322785898029976,0.49489195738088,0.484843287721572,0.504940627040187,0.219276589579511,0.408942633774116,0.403748453780845,0.436938425493331,0.368971645985316,0.505377369651608,"Individual hi",3.86666666666667,1
0.0270492718667198,3.17557452006704,3.25437028858379,3.0967787515503,0.345048805261871,3.19270260441488,3.23897601627024,3.14318415454582,2.94160798907741,3.33121717885487,"Change Point",3.86666666666667,1
0.290726540901974,0.473852410491064,0.460920900564618,0.48678392041751,0.236776481958284,0.393995606876882,0.380896968360016,0.4182570154998,0.349758394020176,0.453017273591689,"Individual hi",4.13333333333333,1
0.108840683764074,3.40673375293508,3.52472713872011,3.28874036715004,0.467668855998587,3.42964990214657,3.47677142825146,3.40712452178245,3.19455359375704,3.64619241127857,"Change Point",4.13333333333333,1
0.272359147512827,0.461585523349208,0.44715870713489,0.476012339563526,0.259751137869747,0.383894243931777,0.371474470712561,0.410725220870399,0.337665138891605,0.426938558001245,"Individual hi",4.4,1
0.266841868798158,3.51343796766361,3.70076786944626,3.32610806588096,0.694501003601857,3.65218541850088,3.72592778595277,3.28510580129082,3.03029602708979,3.87536092354421,"Change Point",4.4,1
0.266038215297145,0.455859204548216,0.44099809883024,0.470720310266193,0.280631593936754,0.380238748040099,0.367704396411832,0.410141880016633,0.336251767897998,0.418219766463111,"Individual hi",4.66666666666667,1
0.0309210037574531,3.6143545901457,3.79147572952022,3.43723345077119,0.887286806888632,3.8098622710845,3.87054952760763,3.5787482092221,2.88133433074603,4.17559400915635,"Change Point",4.66666666666667,1
0.269099651654777,0.454459316310557,0.439880415370404,0.469038217250709,0.292320326109419,0.385367919706265,0.372703439374977,0.410356287512848,0.339241139212055,0.421478692072559,"Individual hi",4.93333333333333,1
0.0523857072291614,3.59444271500907,3.78144013806285,3.40744529195529,1.14237904909688,3.73166595345152,4.0450937967751,3.16800338091952,2.46505485401736,4.37229806046913,"Change Point",4.93333333333333,1
0.278445391354396,0.455615889988645,0.441669508794219,0.469562271183072,0.290835928549977,0.394138049096577,0.381019170438319,0.415507303729289,0.345530068900235,0.422439446709989,"Individual hi",5.2,1
0.0510297474930984,3.59886791762888,3.83197257253585,3.36576326272191,1.34166732180006,3.62596053279681,4.09022626967681,3.08076150099865,2.31074805997311,4.56747010314018,"Change Point",5.2,1
0.29108346255973,0.458101626768899,0.444883336191202,0.471319917346596,0.276286939058313,0.403077580197257,0.391532195534612,0.422343685106382,0.355318741122989,0.429077319111888,"Individual hi",5.46666666666667,1
0.270901951325329,3.55251043449546,3.89899569961297,3.20602516937795,1.53317373997826,3.38701790524735,4.39224476857721,2.95626512671412,2.05754181987507,4.75936105221703,"Change Point",5.46666666666667,1
0.305358618058829,0.461678660507448,0.449130811052333,0.474226509962563,0.252633792177206,0.412038893835116,0.403579868677343,0.428475534208239,0.367843950400585,0.439598972799685,"Individual hi",5.73333333333333,1
0.0886975966585343,3.42891020386636,3.77553948460046,3.08228092313226,1.74209383234996,3.23702655399517,3.96282039607873,2.00091403889592,1.75853978990654,4.89924535209769,"Change Point",5.73333333333333,1
0.319994280807487,0.466172299882631,0.454176269386556,0.478168330378705,0.225587951228781,0.422909373490435,0.416490830989274,0.438073734471456,0.379495166485546,0.449616671280287,"Individual hi",6,1
0.0127917093900545,3.27982257270921,3.53204624465597,3.02759890076244,1.87230953824536,2.89452125745498,3.43479608091336,1.82134447730109,1.56989920241858,4.5882266822505,"Change Point",6,1
0.334701938107054,0.471731076228308,0.460131346536308,0.483330805920307,0.200185151973606,0.433765696221358,0.429632955199714,0.449192920112107,0.393615856637133,0.461877630284761,"Individual hi",6.26666666666667,1
0.00886297332214016,2.97206350039394,3.04561148082154,2.89851551996633,1.97180476578452,2.00615678447398,2.57060723530909,1.66107362167261,1.40230358063639,4.34251710412323,"Change Point",6.26666666666667,1
0.349364362949133,0.478402527491792,0.467008970976304,0.489796084007279,0.179524342755256,0.444144039490887,0.441538418037119,0.46169799584283,0.408439648529703,0.4732872903236,"Individual hi",6.53333333333333,1
0.000150582848333029,2.79165740510085,2.79329879533749,2.79001601486421,1.94206658019398,1.84339400120847,2.35339239651131,1.52589192223833,1.29963361755081,4.05578330914005,"Change Point",6.53333333333333,1
0.364013735731216,0.486059859110159,0.474698159498512,0.497421558721806,0.164411510097654,0.455976284383559,0.45083284458374,0.474123304024582,0.422884084796117,0.484648490940635,"Individual hi",6.8,1
0.874265739800271,2.62500508368779,2.55433033669347,2.69567983068212,1.95585702617475,1.69173082135007,2.13879987673619,1.37203976017254,1.21603705232239,3.79703214951629,"Change Point",6.8,1
0.378729389092815,0.494589835813476,0.48308200411654,0.506097667510412,0.154147399275686,0.469077552734199,0.459788315092065,0.486634889499672,0.437736283477278,0.496742476927714,"Individual hi",7.06666666666667,1
0.683370767465308,2.48080085070352,2.39374919320831,2.56785250819873,1.92426629682215,1.55476445674308,1.93507774817559,1.26337518882723,1.14691860695315,3.51065464538263,"Change Point",7.06666666666667,1
0.393495989218217,0.503758245906377,0.491950129185402,0.515566362627351,0.14741083677528,0.481753861116272,0.468619781107419,0.499011454479575,0.452428643045302,0.507875620319309,"Individual hi",7.33333333333333,1
0.270699410167927,2.38912047711101,2.3452377693873,2.43300318483472,1.98238835263784,1.43443098038569,1.67734020020004,1.12192919907929,1.05536085620798,3.21037497930106,"Change Point",7.33333333333333,1
0.408177192839079,0.5132989199157,0.501066454181,0.525531385650399,0.142974438935788,0.494156848863341,0.477253200784811,0.511075962097344,0.466749392247494,0.518746752684483,"Individual hi",7.6,1
0.0353334399559145,2.24527102143378,2.2025325060539,2.28800953681365,1.93481131373635,1.25401309904432,1.36863930954861,1.08200080430378,1.01278344452112,2.90890117250259,"Change Point",7.6,1
0.423017012404501,0.523249463022372,0.510479434798771,0.536019491245973,0.139901096740422,0.50722929584773,0.485827102366625,0.523002035897481,0.480985572477552,0.529543617580612,"Individual hi",7.86666666666667,1
0.616596599361835,2.10556942347941,2.01734498129469,2.19379386566414,1.93135167847539,1.10651968399022,1.14331495476721,1.05102936282427,0.970320839989965,2.65329145325112,"Change Point",7.86666666666667,1
0.437644751233118,0.533252785654124,0.519880939661179,0.546624631647069,0.137618641284418,0.51848547516797,0.494175594865267,0.534831443706927,0.494260318559012,0.540102054746029,"Individual hi",8.13333333333333,1
0.274264966806347,1.97710851155787,1.87827937260061,2.07593765051513,1.85342611523834,1.05578635827066,1.0981287490924,1.0274429493928,0.941157986340588,2.39331932785802,"Change Point",8.13333333333333,1
0.452205555309254,0.543347928815487,0.529306358986078,0.557389498644896,0.135797972446482,0.530340959651842,0.499362202126891,0.545982618064949,0.500233772891461,0.5507251151943,"Individual hi",8.4,1
0.013968045918928,1.82394449243034,1.68474813228522,1.96314085257547,1.73182937036683,1.02498056036527,1.05336686202414,1.00979301152006,0.928196817998464,2.1397087630838,"Change Point",8.4,1
0.466606511454411,0.55343172043547,0.53868868078847,0.568174760082471,0.134235047691914,0.541995156676557,0.507445969020428,0.55683882445433,0.508334344589931,0.56163222643618,"Individual hi",8.66666666666667,1
0.857371331100475,1.67433208830271,1.5102060733257,1.83845810327972,1.61036979650002,1.00466755660162,1.02088162115004,0.996806426271996,0.915898331566874,1.86325903042782,"Change Point",8.66666666666667,1
0.480795314368261,0.563442728934887,0.547969098368775,0.578916359501,0.132846127127556,0.553468275255173,0.515432790262762,0.567595674119008,0.516340040672702,0.572842370393983,"Individual hi",8.93333333333333,1
0.609581012283574,1.56984198459603,1.42190182542848,1.71778214376358,1.51496961711973,0.990464930922051,0.990846896650613,0.987405896836083,0.911563555942608,1.59243855048011,"Change Point",8.93333333333333,1
0.494732042326618,0.573329947781213,0.557114060885108,0.589545834677318,0.13156925238815,0.56472217856,0.52331053891188,0.578075894890343,0.524236415557699,0.582969115753903,"Individual hi",9.2,1
0.550941478452613,1.47372268032539,1.32038276442478,1.62706259622601,1.412134001216,0.980962150205311,0.98346488379981,0.980708474971742,0.906263175416714,1.41513845797347,"Change Point",9.2,1
0.508485961378794,0.583133379078369,0.566168140236295,0.600098617920444,0.130377225065484,0.575865580907687,0.531145402398651,0.588368245080795,0.532089898421669,0.592922244089672,"Individual hi",9.46666666666667,1
0.76776471231497,1.3855965571046,1.23817330110692,1.53301981310227,1.31082668546561,0.974419318527582,0.981418498387383,0.973080206155269,0.898712302934964,1.24271104199296,"Change Point",9.46666666666667,1
0.52199222776704,0.592785828666729,0.575075163350542,0.610496493982916,0.129249148595156,0.586810828274829,0.538912880010317,0.598506844810378,0.539880440525502,0.602704885439827,"Individual hi",9.73333333333333,1
0.090784069133846,1.3145456073457,1.17307062416084,1.45602059053056,1.20789741011936,0.962250476982157,0.960645695301241,0.962250476982157,0.893502194428593,1.1726429082991,"Change Point",9.73333333333333,1
0.535258651349703,0.602308186364009,0.583856367010979,0.62076000571704,0.128165003503168,0.598034142445398,0.546633213736842,0.608618356327008,0.547626914028697,0.612060661755169,"Individual hi",10,1
0.281539756732187,1.24985810037574,1.11435791071755,1.38535829003393,1.10565538828981,0.941814320081421,0.94201299805851,0.939788392578975,0.889431828346219,1.06296837795057,"Change Point",10,1
0.583003002266428,0.636755129972289,0.615660051008507,0.657850208936072,0.124437665513937,0.63961196442982,0.575279275541734,0.643769433378237,0.576344474763469,0.647279396142918,"Individual hi",11,1
0.892630050819356,1.08220966322823,0.977289800068118,1.18712952638834,0.741870549444306,0.89826828788353,0.846128595577082,0.933383566870478,0.847457359108994,0.992031551193202,"Change Point",11,1
0.860500709861525,0.770573431410458,0.742505862473922,0.798641000346994,0.109208522019096,0.78376503462021,0.702623961070093,0.788398382336379,0.703951290718768,0.802684374957402,"Individual hi",15.6842105263158,1
0.0743949162356359,0.891384529346893,0.856245499079249,0.926523559614538,0.099517770745556,0.888358331136493,0.809682617661462,0.92406953180395,0.810969846403761,0.937174215808696,"Change Point",15.6842105263158,1
0.736756998320055,0.864189206111445,0.837990488585121,0.890387923637768,0.0927113998752806,0.876840279137333,0.809240082864045,0.884549560472895,0.810560862896455,0.899225345826296,"Individual hi",20.3684210526316,1
0.538945124542746,0.876984002461292,0.844303734006974,0.909664270915611,0.103783138024128,0.870888268844634,0.80389990052518,0.901970330575856,0.805529957223454,0.933839710589551,"Change Point",20.3684210526316,1
0.66120208930046,0.928094361157814,0.907645694838826,0.948543027476801,0.0761698190718561,0.938677448618257,0.888603996203641,0.945600916700762,0.8897639855927,0.960046741072298,"Individual hi",25.0526315789474,1
0.515225231337833,0.876978819169578,0.844296385620348,0.909661252718808,0.103773513979688,0.870888268844634,0.803899900511906,0.901970330575841,0.805529957205469,0.933839710589551,"Change Point",25.0526315789474,1
0.61386128624766,0.971924859876862,0.957642601311466,0.986207118442258,0.0618367707309748,0.978689454482677,0.945013002453762,0.984674934956386,0.945989224771197,0.998679737330411,"Individual hi",29.7368421052632,1
0.880932349068373,0.876978813004915,0.844296374042403,0.909661251967426,0.103773497218066,0.870888268844634,0.803899900511906,0.901970330575841,0.805529957205469,0.933839710589551,"Change Point",29.7368421052632,1
0.582919931986499,1.00257273068158,0.993663778294167,1.01148168306898,0.0503223550265599,1.00712503434541,0.985047017723591,1.0106317767465,0.985851959850996,1.02356310717871,"Individual hi",34.4210526315789,1
0.25692906032176,0.876978813001639,0.844296374035875,0.909661251967402,0.103773497208512,0.870888268844635,0.803899900511906,0.901970330575842,0.805529957205469,0.93383971058955,"Change Point",34.4210526315789,1
0.56179613784784,1.0245605618377,1.02003986588548,1.02908125778992,0.0413579597941479,1.02577947142799,1.01393741601023,1.02859178226856,1.01236348882351,1.03973043932759,"Individual hi",39.1052631578947,1
0.451011814431011,0.876978813001638,0.844296374035874,0.909661251967402,0.10377349720851,0.870888268844635,0.803899900511906,0.901970330575842,0.805529957205469,0.93383971058955,"Change Point",39.1052631578947,1
0.54682463219716,1.04072258165176,1.03970764170228,1.04173752160124,0.0344903966596821,1.03967599332504,1.03524082072233,1.04144565543651,1.02747281498801,1.05125689520299,"Individual hi",43.7894736842105,1
0.235411219677722,0.876939032433909,0.844296374035874,0.909581690831944,0.103717449620988,0.870888268844635,0.803899900511906,0.901970330575841,0.805529957205469,0.93383971058955,"Change Point",43.7894736842105,1
0.535851169219109,1.05289380578495,1.054671609093,1.0511160024769,0.0292689042933082,1.05093912049124,1.05129793017757,1.05093912049124,1.03965394243031,1.06009093276593,"Individual hi",48.4736842105263,1
0.00547069357852151,0.87123838286621,0.844296374035874,0.898180391696546,0.105022051673935,0.863007199705339,0.803899900511906,0.897262912231063,0.79907501776062,0.931652176590709,"Change Point",48.4736842105263,1
0.527585131135801,1.06225745984216,1.06627557041636,1.05823934926796,0.0253276652182562,1.05873938157536,1.06365205678243,1.05812493573556,1.05035056860016,1.06860665232585,"Individual hi",53.1578947368421,1
0.872594415832414,0.871156116985869,0.844131842275193,0.898180391696546,0.104914196832483,0.863007199705338,0.803899900511906,0.897262912231062,0.79907501776062,0.931652176590708,"Change Point",53.1578947368421,1
0.521213261147971,1.06959320329485,1.07541978356878,1.06376662302092,0.022382236101619,1.06480213912921,1.07333936490416,1.06369242963433,1.05717302478827,1.07514952270793,"Individual hi",57.8421052631579,1
0.0233930678288322,0.863863300513777,0.829546209331008,0.898180391696546,0.113533732733814,0.863007199705339,0.793179864059624,0.897262912231063,0.794334301953956,0.931652176590709,"Change Point",57.8421052631579,1
0.51619423065262,1.07544066388305,1.08274546162375,1.06813586614235,0.020203902556107,1.06974281694281,1.08105693979349,1.06808797286989,1.06370160701236,1.08075745073502,"Individual hi",62.5263157894737,1
0.00872129154610148,0.863863300513777,0.829546209331008,0.898180391696547,0.113533732733814,0.863007199705339,0.793179864059624,0.897262912231063,0.794334301953956,0.93165217659071,"Change Point",62.5263157894737,1
0.512175467666919,1.08017331013297,1.08869585023224,1.07165077003371,0.0186156968777138,1.07382469155127,1.08729541396746,1.07162009308638,1.06851379529969,1.08703507678921,"Individual hi",67.2105263157895,1
0.216069908112071,0.863863300513777,0.829546209331008,0.898180391696547,0.113533732733814,0.863007199705339,0.793179864059624,0.897262912231063,0.794334301953955,0.931652176590709,"Change Point",67.2105263157895,1
0.508908331271687,1.08405125442705,1.09358594006647,1.07451656878764,0.0174797885936059,1.07747906841464,1.09241356971841,1.07449590499711,1.07295771912824,1.09218206388872,"Individual hi",71.8947368421053,1
0.0351252364064287,0.863863300513777,0.829546209331008,0.898180391696547,0.113533732733814,0.863007199705339,0.793179864059624,0.897262912231063,0.794334301953955,0.931652176590709,"Change Point",71.8947368421053,1
0.506217768723574,1.08726709517354,1.09765238040231,1.07688180994477,0.0166826870223012,1.08012973394004,1.09665481899449,1.07686965890428,1.07625032365887,1.09645019999481,"Individual hi",76.5789473684211,1
0.860349448738774,0.863863300513777,0.829546209331008,0.898180391696547,0.113533732733814,0.863007199705338,0.793179864059624,0.897262912231063,0.794334301953954,0.931652176590709,"Change Point",76.5789473684211,1
0.50397609850373,1.08996239868812,1.10106629070153,1.0788585066747,0.0161355812157018,1.08244884477334,1.10020270387853,1.07885007768104,1.07830035185219,1.10001854054132,"Individual hi",81.2631578947368,1
0.975148798751327,0.863863300513777,0.829546209331008,0.898180391696547,0.113533732733814,0.863007199705338,0.793179864059624,0.897262912231063,0.794334301953954,0.931652176590709,"Change Point",81.2631578947368,1
0.502087681866284,1.09224367303128,1.10396080510983,1.08052654095273,0.01577253636159,1.08563200659881,1.10321446748051,1.08052142649169,1.08026205718486,1.10304934524644,"Individual hi",85.9473684210526,1
0.220011078660883,0.863863300513777,0.829546209331008,0.898180391696547,0.113533732733814,0.863007199705339,0.793179864059624,0.897262912231063,0.794334301953955,0.931652176590709,"Change Point",85.9473684210526,1
0.500479467361424,1.09419165328087,1.10643737871309,1.08194592784865,0.0155426232898098,1.08722597282862,1.10578188215792,1.08194402725023,1.08203060103051,1.10563315088548,"Individual hi",90.6315789473684,1
0.201328515982853,0.863863300513777,0.829546209331008,0.898180391696547,0.113533732733814,0.863007199705338,0.793179864059624,0.897262912231063,0.794334301953954,0.931652176590709,"Change Point",90.6315789473684,1
0.499104889242597,1.09586695094895,1.10856847076797,1.08316543112993,0.0154072452509579,1.08796370363588,1.1079860151146,1.0831656802957,1.0832437927686,1.10785131928998,"Individual hi",95.3157894736842,1
0.983757219321364,0.863863300513777,0.829546209331008,0.898180391696547,0.113533732733814,0.863007199705338,0.793179864059624,0.897262912231063,0.794334301953954,0.931652176590709,"Change Point",95.3157894736842,1
0.497914797924011,1.09731816658898,1.11041781066264,1.08421852251532,0.0153395523994051,1.08970194158416,1.10989811166184,1.08421985524514,1.08429071783832,1.10977436691038,"Individual hi",100,1
0.562466038859363,0.863863300513777,0.829546209331008,0.898180391696547,0.113533732733814,0.863007199705339,0.793179864059624,0.897262912231063,0.794334301953955,0.931652176590709,"Change Point",100,1
0.0035988758239474,0.73248385544081,0.761228260836258,0.703739450045362,0.649231447763415,0.523726092614635,0.519360400456481,0.554101476469683,0.472059492406553,0.6734849629041,"Individual hi",1,2
0.515282230218254,2.71451174845987,2.69676579500496,2.73225770191478,0.48836892921581,2.58981160194145,2.58530919628838,2.59642331667754,2.43987732213239,2.76383587247459,"Change Point",1,2
0.17768180277189,1.48361389004406,1.4961021915768,1.47112558851132,0.858761349210156,1.22136756597796,1.19997479984934,1.27478266172327,1.02824600076894,1.45983838296667,"Individual hi",2.5,2
0.315897540049965,3.71409553937901,3.69021645977591,3.73797461898211,0.801393794415188,3.48997084690924,3.44967904415508,3.57250266772769,3.06370780041509,4.24361771162886,"Change Point",2.5,2
0.269692623057011,1.65120757650089,1.68295807935163,1.61945707365016,0.985638838505284,1.62198659469714,1.55501921411158,1.65102477862915,0.998755515877711,1.72615048559466,"Individual hi",4,2
0.545838430278064,5.50515198025962,5.42798607401205,5.58231788650718,1.30621347766917,5.61910314849039,5.47915601701909,5.68956335621636,4.20240020219824,6.33367254600842,"Change Point",4,2
0.516148305733399,2.43849499551751,2.45333332607416,2.42365666496085,0.908243698968995,2.23776053092303,2.22903602274068,2.25119398548734,2.0818430098903,2.51361318737511,"Individual hi",5.5,2
0.75850725691603,8.0168103688777,7.97357904654231,8.06004169121309,1.21272319289684,8.18239595841036,7.6441499788392,8.30391368033792,7.29362850315242,8.63181985663925,"Change Point",5.5,2
0.38865353599592,2.15490527163909,2.14003834319065,2.16977220008753,0.83906870949207,1.7952658956085,1.78708917359958,1.97207176960156,1.704957124678,2.25356126595925,"Individual hi",7,2
0.0209545806491708,11.2121787403003,11.2964239062686,11.127933574332,1.02317508245416,11.0463614176675,10.9762378151614,11.1474155012468,10.5962624517869,11.5810980829449,"Change Point",7,2
0.368253790641423,2.10074255310248,2.07821380526036,2.12327130094459,0.843342822105832,1.73924775121175,1.72581318837946,1.8929135756029,1.63020138167349,2.20010057483867,"Individual hi",7.2,2
0.13881079404829,11.6558095558352,11.7894249316629,11.5221941800074,1.06855259358705,11.5441531623547,11.5457495815891,11.5411304865882,10.9579906801666,12.1101272863001,"Change Point",7.2,2
0.322785898029976,1.97956782952352,1.93937315088629,2.01976250816075,0.877106358318043,1.63577053509646,1.61499381512338,1.74775370197333,1.47588658394126,2.02150947860643,"Individual hi",7.73333333333333,2
0.220794735559975,12.7273599960725,13.0501170140269,12.4046029781181,1.39278188920746,12.7708104176595,12.9559040650809,12.5964438986206,11.7664319563096,13.3989941495927,"Change Point",7.73333333333333,2
0.290726540901974,1.89540964196426,1.84368360225847,1.94713568167004,0.947105927833136,1.57598242750753,1.52358787344006,1.6730280619992,1.3990335760807,1.81206909436675,"Individual hi",8.26666666666667,2
0.00278265368872921,13.6046579198468,14.0514476705362,13.1578681691574,1.87047065867279,13.6999393898561,13.7444851320852,13.6284980871298,12.7782143750282,14.6325239330719,"Change Point",8.26666666666667,2
0.272359147512827,1.84634209339683,1.78863482853956,1.9040493582541,1.03900455147899,1.53557697572711,1.48589788285024,1.6429008834816,1.35066055556642,1.70775423200498,"Individual hi",8.8,2
0.474416687660804,14.0723299361965,14.8224970708889,13.3221628015041,2.8042408073833,14.6350197357745,14.8750320765155,13.1404232051633,12.1211841083591,15.5014436941768,"Change Point",8.8,2
0.266038215297145,1.82343681819287,1.76399239532096,1.88288124106477,1.12252637574702,1.5209549921604,1.47081758564733,1.64056752006653,1.34500707159199,1.67287906585244,"Individual hi",9.33333333333333,2
0.000334323478920266,14.4607509953396,15.1671501979194,13.7543517927598,3.56137850635799,15.239449084338,15.4821981104305,14.3149928368884,11.5253373229841,16.6264500470509,"Change Point",9.33333333333333,2
0.269099651654777,1.81783726524223,1.75952166148162,1.87615286900284,1.16928130443768,1.54147167882506,1.49081375749991,1.64142515005139,1.35696455684822,1.68591476829023,"Individual hi",9.86666666666667,2
0.0161730916621864,14.3686427368406,15.114588560182,13.6226969134991,4.55843435564734,14.9266638138061,16.1803751871004,12.6720135236781,9.86021941606945,17.4891922418765,"Change Point",9.86666666666667,2
0.278445391354396,1.82246355995458,1.76667803517688,1.87824908473229,1.16334371419991,1.57655219638631,1.52407668175328,1.66202921491716,1.38212027560094,1.68975778683996,"Individual hi",10.4,2
0.121327032485324,14.4208907828654,15.3419635338435,13.4998180318872,5.39971530581412,14.5038421311872,16.3609050787073,12.3230460039946,9.24299223989244,18.2277728370985,"Change Point",10.4,2
0.29108346255973,1.8324065070756,1.77953334476481,1.88527966938639,1.10514775623325,1.61231032078903,1.56612878213845,1.68937474042553,1.42127496449196,1.71630927644755,"Individual hi",10.9333333333333,2
0.00629413432110408,14.2124348631413,15.5959827984519,12.8288869278307,6.13788819280111,13.5480716209894,17.5689790743088,11.8250605068565,8.23016727950028,19.0374442088681,"Change Point",10.9333333333333,2
0.305358618058829,1.84671464202979,1.79652324420933,1.89690603985025,1.01053516870882,1.64815557534046,1.61431947470937,1.71390213683296,1.47137580160234,1.75839589119874,"Individual hi",11.4666666666667,2
1.78831610503682e-05,13.7174673371308,15.1047290689632,12.3302056052984,6.97026986455285,12.9481062159807,15.8512815843149,8.00365615558367,7.03415915962615,19.5969814083908,"Change Point",11.4666666666667,2
0.319994280807487,1.86468919953052,1.81670507754622,1.91267332151482,0.902351804915123,1.69163749396174,1.66596332395709,1.75229493788582,1.51798066594218,1.79846668512115,"Individual hi",12,2
0.0024957800294582,13.1237989373665,14.1281849786239,12.119412896109,7.4973053789486,11.5780850298199,13.7391843236534,7.28537790920438,6.27959680967431,18.352906729002,"Change Point",12,2
0.334701938107054,1.88692430491323,1.84052538614523,1.93332322368123,0.800740607894426,1.73506278488543,1.71853182079886,1.79677168044843,1.57446342654853,1.84751052113904,"Individual hi",12.5333333333333,2
0.121511677275604,11.9003909145295,12.2067197491937,11.5940620798653,7.92204750186153,8.02462713789593,10.2824289412364,6.64429448669045,5.60921432254558,17.3700684164929,"Change Point",12.5333333333333,2
0.349364362949133,1.91361010996717,1.86803588390521,1.95918433602912,0.718097371021025,1.77657615796355,1.76615367214848,1.84679198337132,1.63375859411881,1.8931491612944,"Individual hi",13.0666666666667,2
0.111581589477221,11.1035842830665,11.0298102564269,11.1773583097061,7.71257952360822,7.37357600483388,9.41356958604522,6.10356768895333,5.19853447020324,16.2231332365602,"Change Point",13.0666666666667,2
0.364013735731216,1.94423943644063,1.89879263799405,1.98968623488722,0.657646040390617,1.82390513753423,1.80333137833496,1.89649321609833,1.69153633918447,1.93859396376254,"Individual hi",13.6,2
0.335747065495168,10.4666004383062,10.2011316597288,10.7320692168837,7.70014810994587,6.7669232854003,8.55519950694478,5.48815904069015,4.86414820928955,15.1881285980652,"Change Point",13.6,2
0.378729389092814,1.9783593432539,1.93232801646616,2.02439067004165,0.616589597102745,1.87631021093679,1.83915326036826,1.94653955799869,1.75094513390911,1.98696990771086,"Individual hi",14.1333333333333,2
0.235057456633355,10.0051743337478,9.73834090175346,10.272007765742,7.78804215969712,6.2190578269723,7.74031099270238,5.05350075530891,4.58767442781259,14.0426185815305,"Change Point",14.1333333333333,2
0.393495989218217,2.01503298362551,1.96780051674161,2.0622654505094,0.58964334710112,1.92701544446509,1.87447912442968,1.9960458179183,1.80971457218121,2.03150248127723,"Individual hi",14.6666666666667,2
0.174345284808524,9.4721806628526,9.21234858636631,9.7320127393389,7.83996747604274,5.73772392154276,6.70936080080018,4.48771679631717,4.22144342483193,12.8414999172042,"Change Point",14.6666666666667,2
0.408177192839079,2.0531956796628,2.004265816724,2.1021255426016,0.571897755743152,1.97662739545336,1.90901280313924,2.04430384838938,1.86699756898997,2.07498701073793,"Individual hi",15.2,2
0.129151571874428,8.98108408573511,8.8101300242156,9.15203814725462,7.7392452549454,5.01605239617727,5.47455723819446,4.32800321721511,4.05113377808446,11.6356046900104,"Change Point",15.2,2
0.423017012404501,2.09299785208949,2.04191773919509,2.14407796498389,0.559604386961689,2.02891718339092,1.9433084094665,2.09200814358992,1.92394228991021,2.11817447032245,"Individual hi",15.7333333333333,2
0.035536259442779,8.42227769391766,8.06937992517877,8.77517546265654,7.72540671390158,4.42607873596088,4.57325981906885,4.20411745129708,3.88128335995986,10.6131658130045,"Change Point",15.7333333333333,2
0.437644751233118,2.1330111426165,2.07952375864472,2.18649852658827,0.550474565137671,2.07394190067188,1.97670237946107,2.13932577482771,1.97704127423605,2.16040821898411,"Individual hi",16.2666666666667,2
0.136668294981167,7.90843404623148,7.51311749040245,8.30375060206052,7.41370446095336,4.22314543308264,4.39251499636958,4.10977179757121,3.76463194536235,9.57327731143209,"Change Point",16.2666666666667,2
0.452205555309254,2.17339171526195,2.11722543594431,2.22955799457958,0.543191889785929,2.12136383860737,1.99744880850756,2.1839304722598,2.00093509156584,2.2029004607772,"Individual hi",16.8,2
0.0431790219326314,7.29577796972138,6.73899252914087,7.85256341030188,6.92731748146734,4.09992224146108,4.21346744809654,4.03917204608025,3.71278727199385,8.55883505233518,"Change Point",16.8,2
0.466606511454411,2.21372688174188,2.15475472315388,2.27269904032988,0.536940190767654,2.16798062670623,2.02978387608171,2.22735529781732,2.03333737835972,2.24652890574472,"Individual hi",17.3333333333333,2
0.030562293624583,6.69732835321085,6.04082429330281,7.3538324131189,6.44147918600008,4.01867022640649,4.08352648460016,3.98722570508798,3.6635933262675,7.45303612171128,"Change Point",17.3333333333333,2
0.480795314368261,2.25377091573955,2.1918763934751,2.315665438004,0.531384508510225,2.21387310102069,2.06173116105105,2.27038269647603,2.06536016269081,2.29136948157593,"Individual hi",17.8666666666667,2
0.176518891762623,6.27936793838412,5.68760730171391,6.87112857505433,6.0598784684789,3.9618597236882,3.96338758660245,3.94962358734433,3.64625422377043,6.36975420192043,"Change Point",17.8666666666667,2
0.494732042326618,2.29331979112485,2.22845624354043,2.35818333870927,0.526277009552601,2.25888871424,2.09324215564752,2.31230357956137,2.0969456622308,2.33187646301561,"Individual hi",18.4,2
0.424497625248819,5.89489072130158,5.28153105769911,6.50825038490404,5.64853600486399,3.92384860082124,3.93385953519924,3.92283389988697,3.62505270166686,5.66055383189388,"Change Point",18.4,2
0.508485961378794,2.33253351631348,2.26467256094518,2.40039447168177,0.521508900261937,2.30346232363075,2.1245816095946,2.35347298032318,2.12835959368667,2.37168897635869,"Individual hi",18.9333333333333,2
0.464589045465085,5.54238622841838,4.95269320442767,6.13207925240909,5.24330674186246,3.89767727411033,3.92567399354953,3.89232082462108,3.59484921173986,4.97084416797185,"Change Point",18.9333333333333,2
0.52199222776704,2.37114331466692,2.30030065340217,2.44198597593166,0.516996594380625,2.34724331309931,2.15565152004127,2.39402737924151,2.15952176210201,2.41081954175931,"Individual hi",19.4666666666667,2
0.559566572298048,5.2581824293828,4.69228249664337,5.82408236212224,4.83158964047744,3.84900190792863,3.84258278120496,3.84900190792863,3.57400877771437,4.69057163319641,"Change Point",19.4666666666667,2
0.535258651349703,2.40923274545604,2.33542546804392,2.48304002286816,0.51266001401267,2.39213656978159,2.18653285494737,2.43447342530803,2.19050765611479,2.44824264702068,"Individual hi",20,2
0.515325470200848,4.99943240150297,4.45743164287021,5.54143316013572,4.42262155315926,3.76725728032568,3.76805199223404,3.7591535703159,3.55772731338487,4.25187351180228,"Change Point",20,2
0.583003002266428,2.54702051988916,2.46264020403403,2.63140083574429,0.497750662055749,2.55844785771928,2.30111710216693,2.57507773351295,2.30537789905387,2.58911758457167,"Individual hi",22,2
0.595335703984889,4.32883865291292,3.90915920027247,4.74851810555336,2.96748219777722,3.59307315153412,3.38451438230833,3.73353426748191,3.38982943643598,3.96812620477281,"Change Point",22,2
0.860500709861525,3.08229372564183,2.97002344989569,3.19456400138798,0.436834088076384,3.13506013848084,2.81049584428037,3.15359352934552,2.81580516287507,3.21073749982961,"Individual hi",31.3684210526316,2
0.933367898236359,3.56553811738757,3.42498199631699,3.70609423845815,0.398071082982224,3.55343332454597,3.23873047064585,3.6962781272158,3.24387938561504,3.74869686323478,"Change Point",31.3684210526316,2
0.736756998320055,3.45675682444578,3.35196195434049,3.56155169455107,0.370845599501122,3.50736111654933,3.23696033145618,3.53819824189158,3.24224345158582,3.59690138330519,"Individual hi",40.7368421052632,2
0.126365483051709,3.50793600984517,3.3772149360279,3.63865708366244,0.415132552096512,3.48355307537854,3.21559960210072,3.60788132230342,3.22211982889382,3.7353588423582,"Change Point",40.7368421052632,2
0.66120208930046,3.71237744463125,3.6305827793553,3.7941721099072,0.304679276287424,3.75470979447303,3.55441598481456,3.78240366680305,3.5590559423708,3.84018696428919,"Individual hi",50.1052631578947,2
0.710007662574465,3.50791527667831,3.37718554248139,3.63864501087523,0.415094055918752,3.48355307537854,3.21559960204762,3.60788132230337,3.22211982882188,3.7353588423582,"Change Point",50.1052631578947,2
0.61386128624766,3.88769943950745,3.83057040524587,3.94482847376903,0.247347082923899,3.91475781793071,3.78005200981505,3.93869973982554,3.78395689908479,3.99471894932164,"Individual hi",59.4736842105263,2
0.335439327190891,3.50791525201966,3.37718549616961,3.6386450078697,0.415093988872264,3.48355307537854,3.21559960204762,3.60788132230337,3.22211982882188,3.7353588423582,"Change Point",59.4736842105263,2
0.582919931986499,4.0102909227263,3.97465511317667,4.04592673227593,0.20128942010624,4.02850013738164,3.94018807089436,4.04252710698599,3.94340783940398,4.09425242871484,"Individual hi",68.8421052631579,2
0.94476320437721,3.50791525200655,3.3771854961435,3.63864500786961,0.415093988834047,3.48355307537854,3.21559960204762,3.60788132230337,3.22211982882188,3.7353588423582,"Change Point",68.8421052631579,2
0.56179613784784,4.09824224735079,4.08015946354191,4.11632503115967,0.165431839176592,4.10311788571195,4.05574966404094,4.11436712907426,4.04945395529404,4.15892175731037,"Individual hi",78.2105263157895,2
0.84137023666083,3.50791525200655,3.3771854961435,3.63864500786961,0.41509398883404,3.48355307537854,3.21559960204762,3.60788132230337,3.22211982882188,3.7353588423582,"Change Point",78.2105263157895,2
0.54682463219716,4.16289032660705,4.15883056680913,4.16695008640497,0.137961586638729,4.15870397330017,4.14096328288932,4.16578262174605,4.10989125995204,4.20502758081194,"Individual hi",87.5789473684211,2
0.301556193719957,3.50775612973564,3.3771854961435,3.63832676332778,0.414869798483952,3.48355307537854,3.21559960204762,3.60788132230337,3.22211982882188,3.7353588423582,"Change Point",87.5789473684211,2
0.535851169219109,4.21157522313979,4.21868643637198,4.20446400990759,0.117075617173233,4.20375648196497,4.20519172071028,4.20375648196497,4.15861576972124,4.24036373106373,"Individual hi",96.9473684210526,2
0.986196640345471,3.48495353146484,3.3771854961435,3.59272156678618,0.420088206695739,3.45202879882136,3.21559960204762,3.58905164892425,3.19630007104248,3.72660870636283,"Change Point",96.9473684210526,2
0.5275851311358,4.24902983936863,4.26510228166542,4.23295739707184,0.101310660873025,4.23495752630143,4.25460822712972,4.23249974294223,4.20140227440064,4.27442660930341,"Individual hi",106.315789473684,2
0.156400771479521,3.48462446794348,3.37652736910077,3.59272156678618,0.419656787329933,3.45202879882135,3.21559960204762,3.58905164892425,3.19630007104248,3.72660870636283,"Change Point",106.315789473684,2
0.521213261147971,4.27837281317941,4.30167913427513,4.25506649208369,0.0895289444064759,4.25920855651684,4.29335745961664,4.25476971853731,4.22869209915309,4.3005980908317,"Individual hi",115.684210526316,2
0.241558219991809,3.45545320205511,3.31818483732403,3.59272156678618,0.454134930935255,3.45202879882136,3.1727194562385,3.58905164892425,3.17733720781582,3.72660870636283,"Change Point",115.684210526316,2
0.51619423065262,4.30176265553221,4.330981846495,4.27254346456941,0.080815610224428,4.27897126777124,4.32422775917398,4.27235189147955,4.25480642804945,4.32302980294008,"Individual hi",125.052631578947,2
0.606000844211279,3.45545320205511,3.31818483732403,3.59272156678619,0.454134930935256,3.45202879882136,3.1727194562385,3.58905164892425,3.17733720781582,3.72660870636284,"Change Point",125.052631578947,2
0.512175467666919,4.32069324053189,4.35478340092895,4.28660308013484,0.0744627875108552,4.29529876620509,4.34918165586982,4.28648037234552,4.27405518119877,4.34814030715686,"Individual hi",134.421052631579,2
0.928068903219825,3.45545320205511,3.31818483732403,3.59272156678619,0.454134930935256,3.45202879882136,3.1727194562385,3.58905164892425,3.17733720781582,3.72660870636284,"Change Point",134.421052631579,2
0.508908331271687,4.33620501770822,4.37434376026588,4.29806627515055,0.0699191543744234,4.30991627365855,4.36965427887365,4.29798361998844,4.29183087651296,4.36872825555488,"Individual hi",143.789473684211,2
0.502024473034008,3.45545320205511,3.31818483732403,3.59272156678619,0.454134930935256,3.45202879882136,3.1727194562385,3.58905164892425,3.17733720781582,3.72660870636284,"Change Point",143.789473684211,2
0.506217768723574,4.34906838069415,4.39060952160923,4.30752723977907,0.0667307480892049,4.32051893576014,4.38661927597797,4.3074786356171,4.30500129463547,4.38580079997925,"Individual hi",153.157894736842,2
0.128635750171282,3.45545320205511,3.31818483732403,3.59272156678619,0.454134930935256,3.45202879882135,3.1727194562385,3.58905164892425,3.17733720781582,3.72660870636284,"Change Point",153.157894736842,2
0.50397609850373,4.35984959475246,4.40426516280613,4.3154340266988,0.064542324862807,4.32979537909338,4.40081081551411,4.31540031072417,4.31320140740876,4.40007416216527,"Individual hi",162.526315789474,2
0.536307887568523,3.45545320205511,3.31818483732403,3.59272156678619,0.454134930935256,3.45202879882135,3.1727194562385,3.58905164892425,3.17733720781582,3.72660870636284,"Change Point",162.526315789474,2
0.502087681866284,4.36897469212512,4.41584322043932,4.32210616381092,0.0630901454463601,4.34252802639524,4.41285786992203,4.32208570596674,4.32104822873946,4.41219738098578,"Individual hi",171.894736842105,2
0.234006688375398,3.45545320205511,3.31818483732403,3.59272156678619,0.454134930935256,3.45202879882136,3.1727194562385,3.58905164892425,3.17733720781582,3.72660870636284,"Change Point",171.894736842105,2
0.500479467361424,4.37676661312349,4.42574951485237,4.32778371139461,0.0621704931592392,4.34890389131446,4.42312752863166,4.32777610900091,4.32812240412204,4.42253260354193,"Individual hi",181.263157894737,2
0.0721891613408088,3.45545320205511,3.31818483732403,3.59272156678619,0.454134930935256,3.45202879882135,3.1727194562385,3.58905164892425,3.17733720781582,3.72660870636284,"Change Point",181.263157894737,2
0.499104889242597,4.3834678037958,4.43427388307186,4.33266172451974,0.0616289810038318,4.35185481454351,4.43194406045841,4.3326627211828,4.3329751710744,4.43140527715993,"Individual hi",190.631578947368,2
0.729828704199002,3.45545320205511,3.31818483732403,3.59272156678619,0.454134930935256,3.45202879882135,3.1727194562385,3.58905164892425,3.17733720781582,3.72660870636284,"Change Point",190.631578947368,2
0.497914797924011,4.38927266635592,4.44167124265057,4.33687409006127,0.0613582095976204,4.35880776633663,4.43959244664737,4.33687942098056,4.33716287135328,4.43909746764151,"Individual hi",200,2
0.029554158423201,3.45545320205511,3.31818483732403,3.59272156678619,0.454134930935256,3.45202879882136,3.1727194562385,3.58905164892425,3.17733720781582,3.72660870636284,"Change Point",200,2
